{"total": -46.6, "2023": {"2023_total": -46.6, "8": {"8_total": -52.1, "8_avg": -17.366666666666667, "3": {"3_avg": -27.3, "16": {"16_total": 44.11666666666667}, "17": {"17_total": -98.9}}, "5": {"5_avg": 2.5, "29": {"29_total": 2.5}}}, "9": {"9_total": 5.5, "9_avg": 5.5, "1": {"1_avg": 5.5, "2": {"2_total": 5.55}}}}}